"name","id","designation","tech/manufacturer","system id","fleet pts","hitpoints","armor rating","max flux","8/6/5/4%","flux dissipation","ordnance points","fighter bays","max speed","acceleration","deceleration","max turn rate","turn acceleration","mass","shield type","defense id","shield arc","shield upkeep","shield efficiency","phase cost","phase upkeep","min crew","max crew","cargo","fuel","fuel/ly","range","max burn","base value","cr %/day","CR to deploy","peak CR sec","CR loss/sec","supplies/rec","supplies/mo","c/s","c/f","f/s","f/f","crew/s","crew/f","hints","tags","rarity","breakProb","minPieces","maxPieces","travel drive","number"
"Brigadier","bricky_brigadier","Carrier Destroyer","Low Tech","damper",9,5200,700,4000,3333,200,80,,80,50,30,30,30,400,"OMNI",,120,0.4,1,,,40,80,80,90,3,30,9,33000,7,10,360,0.25,8,8,,,,,,,,"lowtech_bp, merc",,0.4,2,3,,1
#"Enforcer","enforcer","Destroyer","Low Tech","burndrive",10,6000,900,4000,3333,200,110,,60,40,20,30,20,500,"OMNI",,150,0.4,1,,,60,100,90,90,3,30,9,38000,5,12,420,0.25,9,9,,,,,,,,"lowtech_bp, merc",,0.4,2,3,,303
#"Hammerhead","hammerhead","Destroyer","Midline","ammofeed",10,5000,500,4200,4167,250,95,,90,60,40,30,60,400,"FRONT",,300,0.4,0.8,,,50,100,100,60,2,30,9,40000,5,12,360,0.25,10,10,,,,,,,,"midline_bp, merc",,0.5,2,3,,300
#"Sunder","sunder","Destroyer","Midline","highenergyfocus",10,4000,250,7500,8333,500,105,,90,80,60,30,30,350,"FRONT",,300,0.4,1.2,,,50,70,80,50,2,25,9,45000,5,15,300,0.25,11,11,,,,,,,,"midline_bp, merc",,0.5,2,3,,301
,,,,,,,,,,,,,,,,,,,,,,,,,,,,,,,,,,,,,,,,,,,,,,,,,,,,,
,,,,,,,,,,,,,,,,,,,,,,,,,,,,,,,,,,,,,,,,,,,,,,,,,,,,,
"Taloness","bricky_taloness",,"Low Tech",,,300,25,70,,25,0,,285,280,250,150,300,15,"NONE",,0,0,0,,,2,2,,,,,,,,,,,,,,,,,,,,,,0,,,,2
